{
  "global_mean": 0.7459860128977776,
  "players": {
    "AJ Griffin": 0.6,
    "Aaron Gordon": 0.6,
    "Aaron Holiday": 0.625,
    "Aaron Nesmith": 1.0,
    "Al Horford": 0.8571428571428571,
    "Alec Burks": 0.42857142857142855,
    "Alex Caruso": 0.9,
    "Amir Coffey": 0.6666666666666666,
    "Andrew Nembhard": 1.0,
    "Andrew Wiggins": 0.7459860128977776,
    "Anthony Lamb": 0.75,
    "Austin Reaves": 0.75,
    "Austin Rivers": 0.4,
    "Ayo Dosunmu": 0.8,
    "Bennedict Mathurin": 0.7,
    "Bilal Coulibaly": 0.5714285714285714,
    "Bobby Portis": 0.7777777777777778,
    "Bogdan Bogdanovi\u0107": 0.8333333333333334,
    "Bojan Bogdanovic": 0.7459860128977776,
    "Bones Hyland": 0.6,
    "Brandin Podziemski": 0.8,
    "Brice Sensabaugh": 0.7459860128977776,
    "Brook Lopez": 0.6666666666666666,
    "Bruce Brown": 0.8,
    "Buddy Hield": 0.6666666666666666,
    "Caleb Houstan": 1.0,
    "Caleb Martin": 0.6,
    "Cam Reddish": 0.5,
    "Cam Thomas": 0.6666666666666666,
    "Cam Whitmore": 0.6666666666666666,
    "Cameron Johnson": 1.0,
    "Cameron Payne": 0.8333333333333334,
    "Caris LeVert": 0.7,
    "Cason Wallace": 1.0,
    "Cedi Osman": 0.2857142857142857,
    "Chet Holmgren": 0.8333333333333334,
    "Chris Boucher": 1.0,
    "Chris Duarte": 1.0,
    "Chris Paul": 0.75,
    "Christian Braun": 0.5714285714285714,
    "Christian Wood": 0.6666666666666666,
    "Coby White": 0.7459860128977776,
    "Cole Anthony": 0.7777777777777778,
    "Collin Sexton": 1.0,
    "Corey Kispert": 0.7142857142857143,
    "Cory Joseph": 0.2,
    "Daishen Nix": 0.8,
    "Dalano Banton": 0.8571428571428571,
    "Damion Lee": 0.6,
    "Dante Exum": 1.0,
    "Dario Saric": 0.8,
    "David Roddy": 0.7272727272727273,
    "Davion Mitchell": 0.7142857142857143,
    "Davis Bertans": 0.42857142857142855,
    "De'Andre Hunter": 0.8,
    "De'Anthony Melton": 0.75,
    "Dean Wade": 0.6,
    "Delon Wright": 0.8333333333333334,
    "Deni Avdija": 0.8181818181818182,
    "Dennis Schr\u00f6der": 0.75,
    "Dennis Smith Jr.": 0.7459860128977776,
    "Derrick Jones Jr.": 1.0,
    "Derrick White": 0.6,
    "Desmond Bane": 0.6666666666666666,
    "Devin Vassell": 0.5,
    "Devonte' Graham": 0.75,
    "Dillon Brooks": 0.9,
    "Donte DiVincenzo": 0.7,
    "Dorian Finney-Smith": 0.5,
    "Doug McDermott": 0.7459860128977776,
    "Draymond Green": 0.7459860128977776,
    "Duncan Robinson": 0.4,
    "Duop Reath": 0.7459860128977776,
    "Dyson Daniels": 1.0,
    "Eric Gordon": 0.9,
    "Eugene Omoruyi": 0.7459860128977776,
    "Evan Fournier": 0.7459860128977776,
    "GG Jackson": 0.6666666666666666,
    "Gabe Vincent": 0.8,
    "Garrison Mathews": 0.6,
    "Gary Harris": 0.75,
    "Gary Trent Jr.": 0.7459860128977776,
    "Georges Niang": 0.6363636363636364,
    "Goran Dragic": 0.7459860128977776,
    "Gradey Dick": 1.0,
    "Grant Williams": 0.75,
    "Grayson Allen": 0.7459860128977776,
    "Harrison Barnes": 0.8571428571428571,
    "Haywood Highsmith": 1.0,
    "Herbert Jones": 1.0,
    "Immanuel Quickley": 0.8,
    "Isaac Okoro": 0.7,
    "Isaiah Joe": 0.6363636363636364,
    "Isaiah Stewart": 1.0,
    "Ish Wainright": 0.7459860128977776,
    "Ja Morant": 0.7459860128977776,
    "Jabari Smith Jr.": 0.4,
    "Jacob Gilyard": 0.5714285714285714,
    "Jaden Ivey": 0.8181818181818182,
    "Jaden McDaniels": 0.7,
    "Jae Crowder": 0.75,
    "Jaime Jaquez Jr.": 0.5,
    "Jake LaRavia": 0.7459860128977776,
    "Jalen Green": 0.6666666666666666,
    "Jalen McDaniels": 1.0,
    "Jalen Smith": 1.0,
    "Jalen Suggs": 0.6666666666666666,
    "Jalen Williams": 1.0,
    "Jamal Murray": 0.7459860128977776,
    "James Bouknight": 0.6666666666666666,
    "Jaylen Nowell": 0.8333333333333334,
    "Jaylin Williams": 0.7459860128977776,
    "Jeff Green": 0.6666666666666666,
    "Jeremiah Robinson-Earl": 0.7459860128977776,
    "Jeremy Sochan": 0.8571428571428571,
    "Jevon Carter": 0.6666666666666666,
    "Joe Harris": 0.8,
    "Joe Ingles": 0.7459860128977776,
    "John Collins": 0.75,
    "John Konchar": 0.6363636363636364,
    "John Wall": 0.7459860128977776,
    "Jonathan Kuminga": 0.8571428571428571,
    "Jordan Clarkson": 1.0,
    "Jordan Goodwin": 0.7459860128977776,
    "Jordan Hawkins": 0.7,
    "Jordan Nwora": 1.0,
    "Jordan Poole": 0.8,
    "Jose Alvarado": 0.75,
    "Josh Giddey": 0.75,
    "Josh Green": 0.7777777777777778,
    "Josh Okogie": 0.8,
    "Josh Richardson": 0.5,
    "Julian Champagnie": 0.3333333333333333,
    "Justin Holiday": 0.75,
    "Jusuf Nurki\u0107": 1.0,
    "KJ Martin": 0.75,
    "Keegan Murray": 1.0,
    "Keita Bates-Diop": 0.5,
    "Keldon Johnson": 1.0,
    "Kelly Olynyk": 0.75,
    "Kelly Oubre Jr.": 0.8,
    "Kenrich Williams": 0.75,
    "Kentavious Caldwell-Pope": 0.5,
    "Keon Ellis": 0.6666666666666666,
    "Kevin Huerter": 0.6,
    "Kevin Knox II": 1.0,
    "Kevin Love": 0.7777777777777778,
    "Keyonte George": 0.75,
    "Khris Middleton": 1.0,
    "Killian Hayes": 1.0,
    "Klay Thompson": 0.7459860128977776,
    "Kris Murray": 1.0,
    "Kristaps Porzi\u0146\u0123is": 0.6,
    "Kyle Lowry": 0.875,
    "Landry Shamet": 0.6666666666666666,
    "Lonnie Walker IV": 1.0,
    "Luguentz Dort": 0.8,
    "Luke Kennard": 0.3333333333333333,
    "Malaki Branham": 0.5714285714285714,
    "Malcolm Brogdon": 0.8333333333333334,
    "Malik Beasley": 0.875,
    "Malik Monk": 0.9090909090909091,
    "Marcus Morris Sr.": 0.8571428571428571,
    "Marcus Sasser": 0.375,
    "Matisse Thybulle": 0.5714285714285714,
    "Max Strus": 1.0,
    "Maxi Kleber": 1.0,
    "Michael Porter Jr.": 1.0,
    "Mike Conley": 0.8333333333333334,
    "Mike Muscala": 0.4,
    "Miles McBride": 0.5,
    "Mo Bamba": 0.7459860128977776,
    "Monte Morris": 0.6666666666666666,
    "Moritz Wagner": 0.8333333333333334,
    "Moses Moody": 0.8,
    "Myles Turner": 1.0,
    "Naji Marshall": 0.8461538461538461,
    "Nassir Little": 0.5,
    "Naz Reid": 0.4444444444444444,
    "Nickeil Alexander-Walker": 0.7272727272727273,
    "Nicolas Batum": 0.7777777777777778,
    "Nikola Jovi\u0107": 1.0,
    "Norman Powell": 0.7142857142857143,
    "Obi Toppin": 0.5,
    "Ochai Agbaji": 0.875,
    "Oshae Brissett": 0.7142857142857143,
    "P.J. Washington": 0.8,
    "Pat Connaughton": 0.8888888888888888,
    "Patrick Beverley": 0.6,
    "Patrick Williams": 0.7142857142857143,
    "Payton Pritchard": 0.625,
    "Precious Achiuwa": 0.75,
    "Quentin Grimes": 0.3,
    "R.J. Hampton": 0.7459860128977776,
    "RJ Barrett": 0.6666666666666666,
    "Rayan Rupert": 0.7459860128977776,
    "Reggie Bullock Jr.": 0.75,
    "Reggie Jackson": 0.8181818181818182,
    "Ricky Rubio": 0.7459860128977776,
    "Robert Covington": 0.7459860128977776,
    "Rodney McGruder": 0.6666666666666666,
    "Royce O'Neale": 1.0,
    "Rui Hachimura": 1.0,
    "Russell Westbrook": 0.75,
    "Saddiq Bey": 0.75,
    "Sam Hauser": 0.6666666666666666,
    "Sam Merrill": 0.6666666666666666,
    "Santi Aldama": 0.8181818181818182,
    "Scoot Henderson": 0.7459860128977776,
    "Seth Curry": 1.0,
    "Shaedon Sharpe": 0.5,
    "Simone Fontecchio": 0.7459860128977776,
    "Spencer Dinwiddie": 0.7459860128977776,
    "Talen Horton-Tucker": 0.6,
    "Tari Eason": 0.7459860128977776,
    "Taurean Prince": 0.625,
    "Taylor Hendricks": 0.5,
    "Terance Mann": 0.7,
    "Terrence Ross": 1.0,
    "Theo Maledon": 0.7459860128977776,
    "Tim Hardaway Jr.": 0.625,
    "Torrey Craig": 0.75,
    "Toumani Camara": 1.0,
    "Tre Jones": 0.75,
    "Tre Mann": 0.6666666666666666,
    "Trey Lyles": 0.8333333333333334,
    "Trey Murphy III": 0.6363636363636364,
    "Troy Brown Jr.": 0.7142857142857143,
    "Tyus Jones": 0.9,
    "Vasilije Micic": 0.75,
    "Victor Wembanyama": 0.6666666666666666,
    "Vince Williams Jr.": 0.6666666666666666,
    "Wendell Carter Jr.": 0.8571428571428571,
    "Wesley Matthews": 0.7459860128977776,
    "Will Barton": 0.75,
    "Yuta Watanabe": 0.6666666666666666,
    "Zach Collins": 0.42857142857142855,